date_posted,review_count
2005-08-01,1
2006-12-11,1
2006-12-16,1
2006-12-31,2
2007-01-18,1
2007-01-22,1
2007-02-07,1
2007-03-11,1
2007-05-30,1
2007-06-27,1
2007-10-30,1
2007-12-05,1
2008-01-03,1
2008-10-11,1
2008-11-08,1
2008-11-16,1
2008-11-23,1
2009-01-29,1
2009-02-03,1
2009-03-12,1
2009-04-05,1
2009-05-09,1
2009-06-21,1
2009-10-16,1
2009-10-22,1
2009-11-03,1
2009-11-21,1
2009-12-04,1
2010-01-06,1
2010-01-13,2
2010-01-30,1
2010-02-21,1
2010-03-23,1
2010-03-25,1
2010-03-29,1
2010-04-05,1
2010-06-01,3
2010-06-08,1
2010-10-14,1
2010-11-17,1
2010-12-01,1
2010-12-18,1
2011-01-14,1
2011-01-23,1
2011-02-11,1
2011-02-22,1
2011-03-01,1
2011-03-03,1
2011-03-15,1
2011-05-11,1
2011-05-30,1
2011-07-08,1
2011-08-03,1
2011-08-31,1
2011-09-12,1
2011-09-26,1
2011-10-03,1
2011-10-25,1
2011-11-28,1
2011-12-04,4
2011-12-26,1
2011-12-28,1
2011-12-31,1
2012-01-04,2
2012-01-10,1
2012-01-13,1
2012-02-03,1
2012-02-07,1
2012-02-27,1
2012-04-06,1
2012-05-02,1
2012-05-03,1
2012-05-05,1
2012-05-08,1
2012-05-24,1
2012-05-25,1
2012-06-07,1
2012-06-14,1
2012-07-13,1
2012-08-18,1
2012-08-23,1
2012-09-03,1
2012-09-05,1
2012-09-10,1
2012-09-14,1
2012-09-23,1
2012-10-08,2
2012-10-15,1
2012-10-16,1
2012-10-18,1
2012-10-22,1
2012-10-30,1
2012-11-12,1
2012-11-17,1
2012-11-18,1
2012-11-23,1
2012-11-25,2
2012-11-26,1
2012-11-27,1
2012-12-03,1
2012-12-04,1
2012-12-05,1
2012-12-06,2
2012-12-07,1
2012-12-08,1
2012-12-09,2
2012-12-10,1
2012-12-11,1
2012-12-27,1
2012-12-29,1
2012-12-31,1
2013-01-01,1
2013-01-06,1
2013-01-08,1
2013-01-12,1
2013-01-14,1
2013-01-15,2
2013-01-20,1
2013-01-21,1
2013-01-25,2
2013-01-26,1
2013-01-28,1
2013-01-31,1
2013-02-01,1
2013-02-06,1
2013-02-07,1
2013-02-10,1
2013-02-12,1
2013-02-13,1
2013-02-17,2
2013-02-19,1
2013-02-20,1
2013-02-22,1
2013-03-03,1
2013-03-16,1
2013-03-21,1
2013-03-25,1
2013-04-01,1
2013-04-03,2
2013-04-04,1
2013-04-11,1
2013-04-14,1
2013-04-18,1
2013-04-22,1
2013-04-23,1
2013-04-24,1
2013-05-02,3
2013-05-10,1
2013-05-14,3
2013-05-18,1
2013-05-23,1
2013-05-25,1
2013-05-26,2
2013-05-29,1
2013-05-31,1
2013-06-01,1
2013-06-08,1
2013-06-10,3
2013-06-12,1
2013-06-14,1
2013-06-23,1
2013-06-26,1
2013-06-27,1
2013-07-04,1
2013-07-05,1
2013-07-06,1
2013-07-11,1
2013-07-15,1
2013-07-17,1
2013-07-18,1
2013-07-20,1
2013-07-21,1
2013-07-22,2
2013-07-27,2
2013-07-28,1
2013-07-31,1
2013-08-01,1
2013-08-02,1
2013-08-05,1
2013-08-07,2
2013-08-08,2
2013-08-21,1
2013-08-22,1
2013-08-23,3
2013-08-28,2
2013-09-03,1
2013-09-05,1
2013-09-07,1
2013-09-09,1
2013-09-10,1
2013-09-12,2
2013-09-17,1
2013-09-20,2
2013-09-21,1
2013-09-26,1
2013-09-27,1
2013-09-30,1
2013-10-02,2
2013-10-03,1
2013-10-05,2
2013-10-10,1
2013-10-11,3
2013-10-14,1
2013-10-16,1
2013-10-18,1
2013-10-19,2
2013-10-20,1
2013-10-22,1
2013-10-24,3
2013-10-25,1
2013-10-26,2
2013-10-28,5
2013-10-30,1
2013-10-31,1
2013-11-01,5
2013-11-02,2
2013-11-04,1
2013-11-05,3
2013-11-06,1
2013-11-07,2
2013-11-10,2
2013-11-12,1
2013-11-13,1
2013-11-14,1
2013-11-15,1
2013-11-16,2
2013-11-20,2
2013-11-24,2
2013-11-25,1
2013-11-27,1
2013-12-01,1
2013-12-02,1
2013-12-03,1
2013-12-05,2
2013-12-07,1
2013-12-08,2
2013-12-09,2
2013-12-10,2
2013-12-13,1
2013-12-14,1
2013-12-15,1
2013-12-18,1
2013-12-19,1
2013-12-20,1
2013-12-21,2
2013-12-22,1
2013-12-23,1
2013-12-25,1
2013-12-26,1
2013-12-27,1
2013-12-29,3
2013-12-30,1
2013-12-31,5
2014-01-01,1
2014-01-02,1
2014-01-03,4
2014-01-05,1
2014-01-07,2
2014-01-08,4
2014-01-09,1
2014-01-10,1
2014-01-11,2
2014-01-12,1
2014-01-13,1
2014-01-14,1
2014-01-15,1
2014-01-16,2
2014-01-17,2
2014-01-18,1
2014-01-19,2
2014-01-22,2
2014-01-23,1
2014-01-28,2
2014-01-30,2
2014-02-01,1
2014-02-02,2
2014-02-05,1
2014-02-06,1
2014-02-08,3
2014-02-10,2
2014-02-11,1
2014-02-12,3
2014-02-18,1
2014-02-23,1
2014-02-24,1
2014-02-26,1
2014-02-27,1
2014-02-28,1
2014-03-01,1
2014-03-05,1
2014-03-07,3
2014-03-08,3
2014-03-10,1
2014-03-11,2
2014-03-12,1
2014-03-14,2
2014-03-17,1
2014-03-18,1
2014-03-19,3
2014-03-20,1
2014-03-22,1
2014-03-24,1
2014-03-25,1
2014-03-26,2
2014-03-27,2
2014-03-28,1
2014-03-29,1
2014-03-31,2
2014-04-01,3
2014-04-02,5
2014-04-03,1
2014-04-04,1
2014-04-05,3
2014-04-06,2
2014-04-07,2
2014-04-08,1
2014-04-09,1
2014-04-10,3
2014-04-12,2
2014-04-13,1
2014-04-14,2
2014-04-15,1
2014-04-17,1
2014-04-19,1
2014-04-20,1
2014-04-22,3
2014-04-23,3
2014-04-24,3
2014-04-25,3
2014-04-26,2
2014-04-27,1
2014-04-28,1
2014-04-29,1
2014-04-30,2
2014-05-02,2
2014-05-05,1
2014-05-07,1
2014-05-08,1
2014-05-09,1
2014-05-11,1
2014-05-12,3
2014-05-13,1
2014-05-14,1
2014-05-15,3
2014-05-16,1
2014-05-18,1
2014-05-20,1
2014-05-21,1
2014-05-22,3
2014-05-24,1
2014-05-25,1
2014-05-26,1
2014-05-27,2
2014-05-29,3
2014-05-30,2
2014-06-01,1
2014-06-02,2
2014-06-03,2
2014-06-04,3
2014-06-06,3
2014-06-07,1
2014-06-09,1
2014-06-10,1
2014-06-11,2
2014-06-13,2
2014-06-14,1
2014-06-15,2
2014-06-16,1
2014-06-17,2
2014-06-18,1
2014-06-19,1
2014-06-20,1
2014-06-21,1
2014-06-22,1
2014-06-23,2
2014-06-24,4
2014-06-25,1
2014-06-27,1
2014-06-29,4
2014-06-30,1
2014-07-02,1
2014-07-03,2
2014-07-04,1
2014-07-06,1
2014-07-07,3
2014-07-08,2
2014-07-09,3
2014-07-11,2
2014-07-12,3
2014-07-13,1
2014-07-14,1
2014-07-15,5
2014-07-17,1
2014-07-18,1
2014-07-19,3
2014-07-20,1
2014-07-21,5
2014-07-22,3
2014-07-23,2
2014-07-24,1
2014-07-25,3
2014-07-26,1
2014-07-27,2
2014-07-28,4
2014-07-29,4
2014-07-30,2
2014-07-31,4
2014-08-01,2
2014-08-02,2
2014-08-03,2
2014-08-04,3
2014-08-05,2
2014-08-06,2
2014-08-07,2
2014-08-08,4
2014-08-09,2
2014-08-10,2
2014-08-11,2
2014-08-13,2
2014-08-14,1
2014-08-15,2
2014-08-16,3
2014-08-17,3
2014-08-18,3
2014-08-19,2
2014-08-20,1
2014-08-21,6
2014-08-22,3
2014-08-25,3
2014-08-26,4
2014-08-27,2
2014-08-28,1
2014-08-29,2
2014-08-30,3
2014-08-31,3
2014-09-01,1
2014-09-02,1
2014-09-03,2
2014-09-04,3
2014-09-05,2
2014-09-06,1
2014-09-07,1
2014-09-08,8
2014-09-09,6
2014-09-10,1
2014-09-11,4
2014-09-13,4
2014-09-14,6
2014-09-15,5
2014-09-16,1
2014-09-17,3
2014-09-18,4
2014-09-19,5
2014-09-20,3
2014-09-21,3
2014-09-22,4
2014-09-23,3
2014-09-24,3
2014-09-25,3
2014-09-26,2
2014-09-27,3
2014-09-28,4
2014-09-29,6
2014-09-30,3
2014-10-01,4
2014-10-02,5
2014-10-03,3
2014-10-04,4
2014-10-05,4
2014-10-06,4
2014-10-07,2
2014-10-08,6
2014-10-09,7
2014-10-10,5
2014-10-11,3
2014-10-12,3
2014-10-13,6
2014-10-14,6
2014-10-15,2
2014-10-16,2
2014-10-17,3
2014-10-18,5
2014-10-19,3
2014-10-20,4
2014-10-21,8
2014-10-22,6
2014-10-23,4
2014-10-24,2
2014-10-25,1
2014-10-26,6
2014-10-27,3
2014-10-28,8
2014-10-29,5
2014-10-30,6
2014-10-31,6
2014-11-01,3
2014-11-02,7
2014-11-03,3
2014-11-04,2
2014-11-05,5
2014-11-06,7
2014-11-07,1
2014-11-08,5
2014-11-09,1
2014-11-10,3
2014-11-11,3
2014-11-12,3
2014-11-13,4
2014-11-14,3
2014-11-15,2
2014-11-16,4
2014-11-17,3
2014-11-18,6
2014-11-19,3
2014-11-20,3
2014-11-21,2
2014-11-23,2
2014-11-24,2
2014-11-25,1
2014-11-27,5
2014-11-28,1
2014-11-29,3
2014-11-30,4
2014-12-01,5
2014-12-02,4
2014-12-03,2
2014-12-04,4
2014-12-05,4
2014-12-06,1
2014-12-08,2
2014-12-09,5
2014-12-10,2
2014-12-11,8
2014-12-12,4
2014-12-13,2
2014-12-14,5
2014-12-15,5
2014-12-16,2
2014-12-17,5
2014-12-18,3
2014-12-19,4
2014-12-20,1
2014-12-21,4
2014-12-22,3
2014-12-23,5
2014-12-24,4
2014-12-25,4
2014-12-26,3
2014-12-27,4
2014-12-28,5
2014-12-29,4
2014-12-30,8
2014-12-31,7
2015-01-01,2
2015-01-02,8
2015-01-03,8
2015-01-04,4
2015-01-05,3
2015-01-06,9
2015-01-07,7
2015-01-08,4
2015-01-09,1
2015-01-10,5
2015-01-11,4
2015-01-12,1
2015-01-13,6
2015-01-14,4
2015-01-15,5
2015-01-16,3
2015-01-17,5
2015-01-18,3
2015-01-19,2
2015-01-20,5
2015-01-21,6
2015-01-22,3
2015-01-23,3
2015-01-24,3
2015-01-25,2
2015-01-26,2
2015-01-27,2
2015-01-28,1
2015-01-29,5
2015-01-30,5
2015-01-31,7
2015-02-01,1
2015-02-02,4
2015-02-03,5
2015-02-04,1
2015-02-05,2
2015-02-06,1
2015-02-07,2
2015-02-08,3
2015-02-09,3
2015-02-10,6
2015-02-11,11
2015-02-12,4
2015-02-13,7
2015-02-14,3
2015-02-15,3
2015-02-16,2
2015-02-17,2
2015-02-18,2
2015-02-19,2
2015-02-20,2
2015-02-21,3
2015-02-22,2
2015-02-23,1
2015-02-24,9
2015-02-25,4
2015-02-26,5
2015-02-27,1
2015-02-28,3
2015-03-01,1
2015-03-02,1
2015-03-03,4
2015-03-04,4
2015-03-05,6
2015-03-06,2
2015-03-07,3
2015-03-08,2
2015-03-09,4
2015-03-10,5
2015-03-11,4
2015-03-13,1
2015-03-14,5
2015-03-15,1
2015-03-16,4
2015-03-17,3
2015-03-18,4
2015-03-19,2
2015-03-20,2
2015-03-21,2
2015-03-22,2
2015-03-23,5
2015-03-24,7
2015-03-25,1
2015-03-26,4
2015-03-27,4
2015-03-28,5
2015-03-29,6
2015-03-30,5
2015-03-31,6
2015-04-01,1
2015-04-02,6
2015-04-03,4
2015-04-04,2
2015-04-05,2
2015-04-06,4
2015-04-07,6
2015-04-08,6
2015-04-09,6
2015-04-10,3
2015-04-11,4
2015-04-12,3
2015-04-13,8
2015-04-14,7
2015-04-15,5
2015-04-16,8
2015-04-17,5
2015-04-18,2
2015-04-19,7
2015-04-20,5
2015-04-21,5
2015-04-22,3
2015-04-23,4
2015-04-24,2
2015-04-25,3
2015-04-26,5
2015-04-27,3
2015-04-28,3
2015-04-29,5
2015-04-30,5
2015-05-01,4
2015-05-02,3
2015-05-03,1
2015-05-04,9
2015-05-05,6
2015-05-06,6
2015-05-07,9
2015-05-08,3
2015-05-09,6
2015-05-10,2
2015-05-11,7
2015-05-12,2
2015-05-13,5
2015-05-14,2
2015-05-15,11
2015-05-16,4
2015-05-17,5
2015-05-18,3
2015-05-19,6
2015-05-21,4
2015-05-22,4
2015-05-23,3
2015-05-24,3
2015-05-25,2
2015-05-26,5
2015-05-27,4
2015-05-28,4
2015-05-29,9
2015-05-30,4
2015-05-31,5
2015-06-01,3
2015-06-02,2
2015-06-03,9
2015-06-04,8
2015-06-05,5
2015-06-06,3
2015-06-07,3
2015-06-08,9
2015-06-09,7
2015-06-10,7
2015-06-11,7
2015-06-12,4
2015-06-13,3
2015-06-14,7
2015-06-15,8
2015-06-16,4
2015-06-18,6
2015-06-19,4
2015-06-20,2
2015-06-21,3
2015-06-22,7
2015-06-23,5
2015-06-24,8
2015-06-25,9
2015-06-26,9
2015-06-27,3
2015-06-28,9
2015-06-29,5
2015-06-30,4
2015-07-01,3
2015-07-02,8
2015-07-03,7
2015-07-04,2
2015-07-05,4
2015-07-06,6
2015-07-07,8
2015-07-08,4
2015-07-09,5
2015-07-10,5
2015-07-11,3
2015-07-12,6
2015-07-13,9
2015-07-14,6
2015-07-15,3
2015-07-16,3
2015-07-17,9
2015-07-18,5
2015-07-19,3
2015-07-20,8
2015-07-21,8
2015-07-22,5
2015-07-23,6
2015-07-24,9
2015-07-25,3
2015-07-26,5
2015-07-27,6
2015-07-28,13
2015-07-29,5
2015-07-30,10
2015-07-31,12
2015-08-01,3
2015-08-02,6
2015-08-03,8
2015-08-04,7
2015-08-05,7
2015-08-06,10
2015-08-07,7
2015-08-08,5
2015-08-09,5
2015-08-10,10
2015-08-11,9
2015-08-12,7
2015-08-13,7
2015-08-14,10
2015-08-15,5
2015-08-16,4
2015-08-17,7
2015-08-18,8
2015-08-19,11
2015-08-20,9
2015-08-21,9
2015-08-22,9
2015-08-23,4
2015-08-24,6
2015-08-25,5
2015-08-26,11
2015-08-27,6
2015-08-28,12
2015-08-29,5
2015-08-30,9
2015-08-31,19
2015-09-01,6
2015-09-02,21
2015-09-03,7
2015-09-04,7
2015-09-05,3
2015-09-06,6
2015-09-07,8
2015-09-08,8
2015-09-09,12
2015-09-10,11
2015-09-11,5
2015-09-12,7
2015-09-13,4
2015-09-14,20
2015-09-15,7
2015-09-16,16
2015-09-17,7
2015-09-18,4
2015-09-19,8
2015-09-20,3
2015-09-21,6
2015-09-22,13
2015-09-23,12
2015-09-24,7
2015-09-25,2
2015-09-26,5
2015-09-27,8
2015-09-28,13
2015-09-29,14
2015-09-30,14
2015-10-01,8
2015-10-02,6
2015-10-03,13
2015-10-04,5
2015-10-05,10
2015-10-06,14
2015-10-07,9
2015-10-08,15
2015-10-09,14
2015-10-10,6
2015-10-11,7
2015-10-12,12
2015-10-13,9
2015-10-14,10
2015-10-15,10
2015-10-16,11
2015-10-17,5
2015-10-18,11
2015-10-19,14
2015-10-20,19
2015-10-21,13
2015-10-22,10
2015-10-23,9
2015-10-24,13
2015-10-25,14
2015-10-26,12
2015-10-27,18
2015-10-28,15
2015-10-29,14
2015-10-30,8
2015-10-31,7
2015-11-01,11
2015-11-02,16
2015-11-03,16
2015-11-04,13
2015-11-05,20
2015-11-06,13
2015-11-07,10
2015-11-08,13
2015-11-09,10
2015-11-10,13
2015-11-11,16
2015-11-12,10
2015-11-13,20
2015-11-14,6
2015-11-15,10
2015-11-16,21
2015-11-17,25
2015-11-18,13
2015-11-19,14
2015-11-20,15
2015-11-21,8
2015-11-22,13
2015-11-23,26
2015-11-24,10
2015-11-25,14
2015-11-26,7
2015-11-27,11
2015-11-28,11
2015-11-29,7
2015-11-30,8
2015-12-01,11
2015-12-02,24
2015-12-03,22
2015-12-04,18
2015-12-05,13
2015-12-06,11
2015-12-07,8
2015-12-08,15
2015-12-09,11
2015-12-10,17
2015-12-11,11
2015-12-12,13
2015-12-13,14
2015-12-14,12
2015-12-15,14
2015-12-16,14
2015-12-17,9
2015-12-18,12
2015-12-19,9
2015-12-20,5
2015-12-21,9
2015-12-22,15
2015-12-23,13
2015-12-24,11
2015-12-25,7
2015-12-26,13
2015-12-27,16
2015-12-28,23
2015-12-29,12
2015-12-30,17
2015-12-31,11
2016-01-01,7
2016-01-02,8
2016-01-03,19
2016-01-04,17
2016-01-05,26
2016-01-06,15
2016-01-07,22
2016-01-08,18
2016-01-09,13
2016-01-10,10
2016-01-11,19
2016-01-12,13
2016-01-13,19
2016-01-14,25
2016-01-15,79
2016-01-16,38
2016-01-17,40
2016-01-18,29
2016-01-19,32
2016-01-20,29
2016-01-21,19
2016-01-22,24
2016-01-23,24
2016-01-24,17
2016-01-25,34
2016-01-26,30
2016-01-27,30
2016-01-28,24
2016-01-29,20
2016-01-30,26
2016-01-31,23
2016-02-01,46
2016-02-02,43
2016-02-03,39
2016-02-04,33
2016-02-05,32
2016-02-06,27
2016-02-07,24
2016-02-08,39
2016-02-09,37
2016-02-10,37
2016-02-11,38
2016-02-12,26
2016-02-13,26
2016-02-14,32
2016-02-15,37
2016-02-16,37
2016-02-17,46
2016-02-18,47
2016-02-19,32
2016-02-20,35
2016-02-21,25
2016-02-22,31
2016-02-23,34
2016-02-24,33
2016-02-25,22
2016-02-26,34
2016-02-27,57
2016-02-28,31
2016-02-29,39
2016-03-01,46
2016-03-02,37
2016-03-03,61
2016-03-04,40
2016-03-05,30
2016-03-06,27
2016-03-07,46
2016-03-08,42
2016-03-09,37
2016-03-10,27
2016-03-11,33
2016-03-12,29
2016-03-13,35
2016-03-14,43
2016-03-15,53
2016-03-16,61
2016-03-17,46
2016-03-18,36
2016-03-19,38
2016-03-20,35
2016-03-21,42
2016-03-22,56
2016-03-23,48
2016-03-24,57
2016-03-25,33
2016-03-26,42
2016-03-27,33
2016-03-28,55
2016-03-29,64
2016-03-30,64
2016-03-31,40
2016-04-01,25
2016-04-02,31
2016-04-03,21
2016-04-04,39
2016-04-05,37
2016-04-06,30
2016-04-07,34
2016-04-08,30
2016-04-09,36
2016-04-10,19
2016-04-11,54
2016-04-12,34
2016-04-13,45
2016-04-14,51
2016-04-15,45
2016-04-16,35
2016-04-17,32
2016-04-18,111
2016-04-19,186
2016-04-20,82
2016-04-21,61
2016-04-22,62
2016-04-23,54
2016-04-24,54
2016-04-25,60
2016-04-26,73
2016-04-27,71
2016-04-28,61
2016-04-29,61
2016-04-30,50
2016-05-01,43
2016-05-02,71
2016-05-03,125
2016-05-04,101
2016-05-05,71
2016-05-06,60
2016-05-07,54
2016-05-08,33
2016-05-09,93
2016-05-10,91
2016-05-11,83
2016-05-12,82
2016-05-13,68
2016-05-14,41
2016-05-15,54
2016-05-16,82
2016-05-17,83
2016-05-18,108
2016-05-19,81
2016-05-20,75
2016-05-21,54
2016-05-22,54
2016-05-23,99
2016-05-24,93
2016-05-25,91
2016-05-26,80
2016-05-27,98
2016-05-28,47
2016-05-29,63
2016-05-30,72
2016-05-31,100
2016-06-01,94
2016-06-02,107
2016-06-03,95
2016-06-04,80
2016-06-05,66
2016-06-06,86
2016-06-07,113
2016-06-08,101
2016-06-09,98
2016-06-10,82
2016-06-11,82
2016-06-12,47
2016-06-13,121
2016-06-14,118
2016-06-15,121
2016-06-16,112
2016-06-17,84
2016-06-18,71
2016-06-19,73
2016-06-20,94
2016-06-21,111
2016-06-22,109
2016-06-23,109
2016-06-24,76
2016-06-25,84
2016-06-26,69
2016-06-27,114
2016-06-28,131
2016-06-29,124
2016-06-30,89
2016-07-01,82
2016-07-02,66
2016-07-03,74
2016-07-04,66
2016-07-05,96
2016-07-06,132
2016-07-07,114
2016-07-08,96
2016-07-09,81
2016-07-10,60
2016-07-11,90
2016-07-12,74
2016-07-13,89
2016-07-14,92
2016-07-15,197
2016-07-16,125
2016-07-17,103
2016-07-18,170
2016-07-19,131
2016-07-20,129
2016-07-21,127
2016-07-22,122
2016-07-23,88
2016-07-24,88
2016-07-25,120
2016-07-26,123
2016-07-27,104
2016-07-28,131
2016-07-29,86
2016-07-30,107
2016-07-31,107
2016-08-01,137
2016-08-02,141
2016-08-03,132
2016-08-04,115
2016-08-05,93
2016-08-06,114
2016-08-07,78
2016-08-08,137
2016-08-09,124
2016-08-10,122
2016-08-11,112
2016-08-12,80
2016-08-13,82
2016-08-14,120
2016-08-15,127
2016-08-16,124
2016-08-17,109
2016-08-18,91
2016-08-19,76
2016-08-20,89
2016-08-21,75
2016-08-22,131
2016-08-23,110
2016-08-24,112
2016-08-25,105
2016-08-26,98
2016-08-27,75
2016-08-28,100
2016-08-29,134
2016-08-30,145
2016-08-31,132
2016-09-01,135
2016-09-02,74
2016-09-03,91
2016-09-04,66
2016-09-05,114
2016-09-06,111
2016-09-07,133
2016-09-08,127
2016-09-09,99
2016-09-10,75
2016-09-11,98
2016-09-12,132
2016-09-13,138
2016-09-14,95
2016-09-15,93
2016-09-16,102
2016-09-17,86
2016-09-18,93
2016-09-19,150
2016-09-20,138
2016-09-21,122
2016-09-22,117
2016-09-23,97
2016-09-24,89
2016-09-25,82
2016-09-26,136
2016-09-27,118
2016-09-28,133
2016-09-29,117
2016-09-30,79
2016-10-01,110
2016-10-02,79
2016-10-03,122
2016-10-04,116
2016-10-05,122
2016-10-06,120
2016-10-07,89
2016-10-08,64
2016-10-09,90
2016-10-10,104
2016-10-11,134
2016-10-12,115
2016-10-13,85
2016-10-14,78
2016-10-15,83
2016-10-16,85
2016-10-17,117
2016-10-18,125
2016-10-19,127
2016-10-20,108
2016-10-21,90
2016-10-22,68
2016-10-23,70
2016-10-24,156
2016-10-25,153
2016-10-26,126
2016-10-27,121
2016-10-28,100
2016-10-29,74
2016-10-30,68
2016-10-31,114
2016-11-01,134
2016-11-02,138
2016-11-03,124
2016-11-04,109
2016-11-05,83
2016-11-06,73
2016-11-07,91
2016-11-08,93
2016-11-09,132
2016-11-10,99
2016-11-11,100
2016-11-12,79
2016-11-13,71
2016-11-14,100
2016-11-15,121
2016-11-16,111
2016-11-17,112
2016-11-18,91
2016-11-19,72
2016-11-20,77
2016-11-21,110
2016-11-22,120
2016-11-23,88
2016-11-24,49
2016-11-25,64
2016-11-26,83
2016-11-27,64
2016-11-28,90
2016-11-29,100
2016-11-30,96
2016-12-01,220
2016-12-02,182
2016-12-03,125
2016-12-04,124
2016-12-05,132
2016-12-06,137
2016-12-07,141
2016-12-08,161
2016-12-09,125
2016-12-10,115
2016-12-11,70
2016-12-12,143
2016-12-13,135
2016-12-14,124
2016-12-15,118
2016-12-16,158
2016-12-17,115
2016-12-18,102
2016-12-19,131
2016-12-20,129
2016-12-21,151
2016-12-22,142
2016-12-23,116
2016-12-24,77
2016-12-25,79
2016-12-26,101
2016-12-27,139
2016-12-28,142
2016-12-29,146
2016-12-30,132
2016-12-31,108
2017-01-01,85
2017-01-02,125
2017-01-03,140
2017-01-04,175
2017-01-05,148
2017-01-06,111
2017-01-07,118
2017-01-08,91
2017-01-09,131
2017-01-10,127
2017-01-11,135
2017-01-12,130
2017-01-13,113
2017-01-14,138
2017-01-15,97
2017-01-16,135
2017-01-17,163
2017-01-18,168
2017-01-19,140
2017-01-20,119
2017-01-21,77
2017-01-22,101
2017-01-23,122
2017-01-24,144
2017-01-25,166
2017-01-26,145
2017-01-27,113
2017-01-28,114
2017-01-29,102
2017-01-30,148
2017-01-31,137
2017-02-01,122
2017-02-02,119
2017-02-03,124
2017-02-04,105
2017-02-05,103
2017-02-06,99
2017-02-07,134
2017-02-08,145
2017-02-09,133
2017-02-10,110
2017-02-11,103
2017-02-12,111
2017-02-13,149
2017-02-14,155
2017-02-15,119
2017-02-16,151
2017-02-17,105
2017-02-18,79
2017-02-19,79
2017-02-20,91
2017-02-21,173
2017-02-22,159
2017-02-23,131
2017-02-24,140
2017-02-25,101
2017-02-26,93
2017-02-27,111
2017-02-28,144
2017-03-01,150
2017-03-02,135
2017-03-03,140
2017-03-04,113
2017-03-05,103
2017-03-06,148
2017-03-07,146
2017-03-08,154
2017-03-09,133
2017-03-10,148
2017-03-11,106
2017-03-12,119
2017-03-13,160
2017-03-14,173
2017-03-15,176
2017-03-16,165
2017-03-17,271
2017-03-18,179
2017-03-19,123
2017-03-20,181
2017-03-21,137
2017-03-22,171
2017-03-23,169
2017-03-24,138
2017-03-25,112
2017-03-26,109
2017-03-27,177
2017-03-28,148
2017-03-29,165
2017-03-30,176
2017-03-31,139
2017-04-01,127
2017-04-02,152
2017-04-03,192
2017-04-04,188
2017-04-05,176
2017-04-06,159
2017-04-07,147
2017-04-08,127
2017-04-09,151
2017-04-10,181
2017-04-11,186
2017-04-12,184
2017-04-13,165
2017-04-14,163
2017-04-15,111
2017-04-16,127
2017-04-17,245
2017-04-18,213
2017-04-19,210
2017-04-20,197
2017-04-21,177
2017-04-22,138
2017-04-23,157
2017-04-24,227
2017-04-25,172
2017-04-26,215
2017-04-27,189
2017-04-28,178
2017-04-29,154
2017-04-30,155
2017-05-01,237
2017-05-02,182
2017-05-03,167
2017-05-04,152
2017-05-05,163
2017-05-06,92
2017-05-07,129
2017-05-08,137
2017-05-09,171
2017-05-10,178
2017-05-11,200
2017-05-12,180
2017-05-13,131
2017-05-14,126
2017-05-15,226
2017-05-16,220
2017-05-17,218
2017-05-18,170
2017-05-19,188
2017-05-20,141
2017-05-21,171
2017-05-22,236
2017-05-23,198
2017-05-24,214
2017-05-25,187
2017-05-26,156
2017-05-27,130
2017-05-28,156
2017-05-29,170
2017-05-30,227
2017-05-31,214
2017-06-01,180
2017-06-02,194
2017-06-03,150
2017-06-04,154
2017-06-05,200
2017-06-06,234
2017-06-07,233
2017-06-08,186
2017-06-09,140
2017-06-10,151
2017-06-11,150
2017-06-12,214
2017-06-13,198
2017-06-14,226
2017-06-15,226
2017-06-16,179
2017-06-17,144
2017-06-18,126
2017-06-19,225
2017-06-20,206
2017-06-21,283
2017-06-22,216
2017-06-23,172
2017-06-24,156
2017-06-25,156
2017-06-26,213
2017-06-27,234
2017-06-28,198
2017-06-29,197
2017-06-30,130
2017-07-01,111
2017-07-02,105
2017-07-03,146
2017-07-04,106
2017-07-05,137
2017-07-06,146
2017-07-07,146
2017-07-08,116
2017-07-09,101
2017-07-10,154
2017-07-11,154
2017-07-12,176
2017-07-13,167
2017-07-14,155
2017-07-15,119
2017-07-16,115
2017-07-17,175
2017-07-18,922
2017-07-19,469
2017-07-20,267
2017-07-21,281
2017-07-22,203
2017-07-23,161
2017-07-24,221
2017-07-25,203
2017-07-26,232
2017-07-27,188
2017-07-28,179
2017-07-29,145
2017-07-30,132
2017-07-31,186
2017-08-01,218
2017-08-02,505
2017-08-03,319
2017-08-04,199
2017-08-05,184
2017-08-06,166
2017-08-07,214
2017-08-08,234
2017-08-09,236
2017-08-10,202
2017-08-11,172
2017-08-12,163
2017-08-13,146
2017-08-14,348
2017-08-15,220
2017-08-16,210
2017-08-17,311
2017-08-18,266
2017-08-19,130
2017-08-20,154
2017-08-21,219
2017-08-22,237
2017-08-23,203
2017-08-24,187
2017-08-25,194
2017-08-26,135
2017-08-27,163
2017-08-28,226
2017-08-29,275
2017-08-30,228
2017-08-31,181
2017-09-01,248
2017-09-02,181
2017-09-03,136
2017-09-04,195
2017-09-05,261
2017-09-06,216
2017-09-07,178
2017-09-08,160
2017-09-09,111
2017-09-10,138
2017-09-11,173
2017-09-12,192
2017-09-13,215
2017-09-14,174
2017-09-15,141
2017-09-16,127
2017-09-17,182
2017-09-18,210
2017-09-19,219
2017-09-20,206
2017-09-21,192
2017-09-22,145
2017-09-23,122
2017-09-24,128
2017-09-25,177
2017-09-26,181
2017-09-27,207
2017-09-28,162
2017-09-29,179
2017-09-30,94
2017-10-01,135
2017-10-02,160
2017-10-03,206
2017-10-04,228
2017-10-05,184
2017-10-06,128
2017-10-07,115
2017-10-08,124
2017-10-09,199
2017-10-10,201
2017-10-11,187
2017-10-12,200
2017-10-13,138
2017-10-14,128
2017-10-15,141
2017-10-16,224
2017-10-17,215
2017-10-18,188
2017-10-19,168
2017-10-20,187
2017-10-21,132
2017-10-22,133
2017-10-23,204
2017-10-24,246
2017-10-25,217
2017-10-26,185
2017-10-27,176
2017-10-28,147
2017-10-29,150
2017-10-30,216
2017-10-31,167
2017-11-01,144
2017-11-02,165
2017-11-03,177
2017-11-04,115
2017-11-05,126
2017-11-06,142
2017-11-07,161
2017-11-08,161
2017-11-09,148
2017-11-10,122
2017-11-11,91
2017-11-12,124
2017-11-13,164
2017-11-14,155
2017-11-15,174
2017-11-16,178
2017-11-17,133
2017-11-18,116
2017-11-19,105
2017-11-20,112
2017-11-21,120
2017-11-22,101
2017-11-23,66
2017-11-24,62
2017-11-25,104
2017-11-26,99
2017-11-27,122
2017-11-28,153
2017-11-29,203
2017-11-30,289
2017-12-01,199
2017-12-02,104
2017-12-03,91
2017-12-04,142
2017-12-05,158
2017-12-06,158
2017-12-07,148
2017-12-08,125
2017-12-09,104
2017-12-10,105
2017-12-11,148
2017-12-12,147
2017-12-13,160
2017-12-14,143
2017-12-15,112
2017-12-16,80
2017-12-17,126
2017-12-18,188
2017-12-19,172
2017-12-20,132
2017-12-21,112
2017-12-22,107
2017-12-23,84
2017-12-24,64
2017-12-25,58
2017-12-26,106
2017-12-27,130
2017-12-28,124
2017-12-29,123
2017-12-30,114
2017-12-31,88
2018-01-01,85
2018-01-02,124
2018-01-03,145
2018-01-04,115
2018-01-05,126
2018-01-06,105
2018-01-07,101
2018-01-08,134
2018-01-09,149
2018-01-10,298
2018-01-11,207
2018-01-12,179
2018-01-13,111
2018-01-14,110
2018-01-15,160
2018-01-16,146
2018-01-17,158
2018-01-18,142
2018-01-19,115
2018-01-20,91
2018-01-21,114
2018-01-22,126
2018-01-23,121
2018-01-24,138
2018-01-25,144
2018-01-26,196
2018-01-27,111
2018-01-28,114
2018-01-29,167
2018-01-30,166
2018-01-31,150
2018-02-01,123
2018-02-02,120
2018-02-03,87
2018-02-04,116
2018-02-05,129
2018-02-06,137
2018-02-07,154
2018-02-08,132
2018-02-09,134
2018-02-10,106
2018-02-11,114
2018-02-12,157
2018-02-13,132
2018-02-14,166
2018-02-15,144
2018-02-16,134
2018-02-17,117
2018-02-18,142
2018-02-19,153
2018-02-20,149
2018-02-21,186
2018-02-22,148
2018-02-23,141
2018-02-24,103
2018-02-25,164
2018-02-26,157
2018-02-27,221
2018-02-28,167
2018-03-01,190
2018-03-02,134
2018-03-03,107
2018-03-04,121
2018-03-05,180
2018-03-06,166
2018-03-07,183
2018-03-08,170
2018-03-09,146
2018-03-10,121
2018-03-11,130
2018-03-12,178
2018-03-13,139
2018-03-14,146
2018-03-15,163
2018-03-16,129
2018-03-17,119
2018-03-18,144
2018-03-19,172
2018-03-20,204
2018-03-21,189
2018-03-22,188
2018-03-23,164
2018-03-24,106
2018-03-25,140
2018-03-26,195
2018-03-27,224
2018-03-28,182
2018-03-29,168
2018-03-30,159
2018-03-31,127
2018-04-01,141
2018-04-02,227
2018-04-03,196
2018-04-04,196
2018-04-05,183
2018-04-06,155
2018-04-07,144
2018-04-08,156
2018-04-09,200
2018-04-10,233
2018-04-11,221
2018-04-12,174
2018-04-13,185
2018-04-14,145
2018-04-15,158
2018-04-16,205
2018-04-17,210
2018-04-18,167
2018-04-19,212
2018-04-20,168
2018-04-21,114
2018-04-22,154
2018-04-23,203
2018-04-24,206
2018-04-25,212
2018-04-26,187
2018-04-27,161
2018-04-28,125
2018-04-29,133
2018-04-30,226
2018-05-01,202
2018-05-02,221
2018-05-03,191
2018-05-04,197
2018-05-05,124
2018-05-06,141
2018-05-07,240
2018-05-08,199
2018-05-09,158
2018-05-10,195
2018-05-11,148
2018-05-12,108
2018-05-13,112
2018-05-14,194
2018-05-15,215
2018-05-16,191
2018-05-17,199
2018-05-18,176
2018-05-19,127
2018-05-20,133
2018-05-21,184
2018-05-22,232
2018-05-23,207
2018-05-24,174
2018-05-25,221
2018-05-26,155
2018-05-27,145
2018-05-28,180
2018-05-29,209
2018-05-30,217
2018-05-31,232
2018-06-01,197
2018-06-02,142
2018-06-03,158
2018-06-04,216
2018-06-05,233
2018-06-06,233
2018-06-07,217
2018-06-08,214
2018-06-09,108
2018-06-10,195
2018-06-11,244
2018-06-12,238
2018-06-13,237
2018-06-14,258
2018-06-15,240
2018-06-16,172
2018-06-17,158
2018-06-18,235
2018-06-19,230
2018-06-20,211
2018-06-21,195
2018-06-22,218
2018-06-23,134
2018-06-24,183
2018-06-25,272
2018-06-26,224
2018-06-27,237
2018-06-28,236
2018-06-29,202
2018-06-30,147
2018-07-01,163
2018-07-02,283
2018-07-03,232
2018-07-04,169
2018-07-05,182
2018-07-06,196
2018-07-07,184
2018-07-08,167
2018-07-09,232
2018-07-10,247
2018-07-11,227
2018-07-12,187
2018-07-13,188
2018-07-14,120
2018-07-15,123
2018-07-16,152
2018-07-17,180
2018-07-18,175
2018-07-19,190
2018-07-20,171
2018-07-21,134
2018-07-22,159
2018-07-23,179
2018-07-24,177
2018-07-25,204
2018-07-26,189
2018-07-27,189
2018-07-28,228
2018-07-29,186
2018-07-30,279
2018-07-31,291
2018-08-01,217
2018-08-02,292
2018-08-03,214
2018-08-04,200
2018-08-05,178
2018-08-06,250
2018-08-07,254
2018-08-08,257
2018-08-09,199
2018-08-10,166
2018-08-11,182
2018-08-12,156
2018-08-13,244
2018-08-14,273
2018-08-15,221
2018-08-16,209
2018-08-17,200
2018-08-18,166
2018-08-19,155
2018-08-20,233
2018-08-21,238
2018-08-22,286
2018-08-23,235
2018-08-24,215
2018-08-25,193
2018-08-26,174
2018-08-27,192
2018-08-28,232
2018-08-29,201
2018-08-30,245
2018-08-31,164
2018-09-01,170
2018-09-02,149
2018-09-03,167
2018-09-04,217
2018-09-05,193
2018-09-06,169
2018-09-07,156
2018-09-08,157
2018-09-09,158
2018-09-10,154
2018-09-11,147
2018-09-12,194
2018-09-13,155
2018-09-14,144
2018-09-15,157
2018-09-16,169
2018-09-17,205
2018-09-18,193
2018-09-19,199
2018-09-20,179
2018-09-21,166
2018-09-22,118
2018-09-23,132
2018-09-24,195
2018-09-25,198
2018-09-26,178
2018-09-27,195
2018-09-28,164
2018-09-29,137
2018-09-30,125
2018-10-01,180
2018-10-02,192
2018-10-03,188
2018-10-04,143
2018-10-05,136
2018-10-06,167
2018-10-07,153
2018-10-08,184
2018-10-09,203
2018-10-10,237
2018-10-11,229
2018-10-12,146
2018-10-13,110
2018-10-14,135
2018-10-15,198
2018-10-16,218
2018-10-17,206
2018-10-18,183
2018-10-19,189
2018-10-20,189
2018-10-21,152
2018-10-22,154
2018-10-23,180
2018-10-24,218
2018-10-25,185
2018-10-26,171
2018-10-27,189
2018-10-28,216
2018-10-29,181
2018-10-30,193
2018-10-31,186
2018-11-01,175
2018-11-02,208
2018-11-03,131
2018-11-04,170
2018-11-05,183
2018-11-06,153
2018-11-07,134
2018-11-08,145
2018-11-09,132
2018-11-10,127
2018-11-11,129
2018-11-12,191
2018-11-13,151
2018-11-14,147
2018-11-15,153
2018-11-16,157
2018-11-17,148
2018-11-18,135
2018-11-19,202
2018-11-20,151
2018-11-21,144
2018-11-22,100
2018-11-23,109
2018-11-24,131
2018-11-25,132
2018-11-26,132
2018-11-27,180
2018-11-28,204
2018-11-29,180
2018-11-30,112
2018-12-01,123
2018-12-02,142
2018-12-03,134
2018-12-04,106
2018-12-05,197
2018-12-06,125
2018-12-07,144
2018-12-08,150
2018-12-09,166
2018-12-10,200
2018-12-11,172
2018-12-12,165
2018-12-13,151
2018-12-14,130
2018-12-15,127
2018-12-16,141
2018-12-17,146
2018-12-18,137
2018-12-19,157
2018-12-20,169
2018-12-21,126
2018-12-22,106
2018-12-23,113
2018-12-24,108
2018-12-25,120
2018-12-26,158
2018-12-27,182
2018-12-28,198
2018-12-29,173
2018-12-30,157
2018-12-31,148
2019-01-01,147
2019-01-02,166
2019-01-03,174
2019-01-04,187
2019-01-05,179
2019-01-06,176
2019-01-07,200
2019-01-08,207
2019-01-09,149
2019-01-10,161
2019-01-11,159
2019-01-12,129
2019-01-13,161
2019-01-14,177
2019-01-15,169
2019-01-16,171
2019-01-17,148
2019-01-18,146
2019-01-19,139
2019-01-20,145
2019-01-21,145
2019-01-22,151
2019-01-23,170
2019-01-24,139
2019-01-25,157
2019-01-26,140
2019-01-27,144
2019-01-28,132
2019-01-29,164
2019-01-30,138
2019-01-31,131
2019-02-01,155
2019-02-02,145
2019-02-03,150
2019-02-04,118
2019-02-05,157
2019-02-06,163
2019-02-07,123
2019-02-08,135
2019-02-09,111
2019-02-10,119
2019-02-11,104
2019-02-12,127
2019-02-13,116
2019-02-14,153
2019-02-15,151
2019-02-16,134
2019-02-17,131
2019-02-18,132
2019-02-19,152
2019-02-20,149
2019-02-21,150
2019-02-22,145
2019-02-23,141
2019-02-24,123
2019-02-25,152
2019-02-26,150
2019-02-27,172
2019-02-28,172
2019-03-01,155
2019-03-02,119
2019-03-03,106
2019-03-04,154
2019-03-05,144
2019-03-06,132
2019-03-07,135
2019-03-08,151
2019-03-09,142
2019-03-10,133
2019-03-11,187
2019-03-12,147
2019-03-13,178
2019-03-14,168
2019-03-15,128
2019-03-16,122
2019-03-17,114
2019-03-18,168
2019-03-19,162
2019-03-20,148
2019-03-21,164
2019-03-22,154
2019-03-23,125
2019-03-24,119
2019-03-25,175
2019-03-26,172
2019-03-27,184
2019-03-28,152
2019-03-29,151
2019-03-30,134
2019-03-31,97
2019-04-01,176
2019-04-02,159
2019-04-03,172
2019-04-04,196
2019-04-05,166
2019-04-06,138
2019-04-07,125
2019-04-08,191
2019-04-09,176
2019-04-10,180
2019-04-11,204
2019-04-12,158
2019-04-13,150
2019-04-14,152
2019-04-15,178
2019-04-16,181
2019-04-17,211
2019-04-18,197
2019-04-19,164
2019-04-20,155
2019-04-21,132
2019-04-22,203
2019-04-23,235
2019-04-24,206
2019-04-25,225
2019-04-26,196
2019-04-27,168
2019-04-28,184
2019-04-29,210
2019-04-30,227
2019-05-01,186
2019-05-02,202
2019-05-03,188
2019-05-04,169
2019-05-05,177
2019-05-06,225
2019-05-07,231
2019-05-08,223
2019-05-09,219
2019-05-10,194
2019-05-11,213
2019-05-12,152
2019-05-13,225
2019-05-14,260
2019-05-15,240
2019-05-16,243
2019-05-17,202
2019-05-18,182
2019-05-19,187
2019-05-20,260
2019-05-21,200
2019-05-22,215
2019-05-23,245
2019-05-24,195
2019-05-25,165
2019-05-26,189
2019-05-27,203
2019-05-28,215
2019-05-29,241
2019-05-30,270
2019-05-31,222
2019-06-01,231
2019-06-02,208
2019-06-03,216
2019-06-04,243
2019-06-05,268
2019-06-06,284
2019-06-07,243
2019-06-08,233
2019-06-09,216
2019-06-10,265
2019-06-11,224
2019-06-12,275
2019-06-13,261
2019-06-14,249
2019-06-15,252
2019-06-16,260
2019-06-17,351
2019-06-18,357
2019-06-19,372
2019-06-20,309
2019-06-21,290
2019-06-22,272
2019-06-23,251
2019-06-24,324
2019-06-25,347
2019-06-26,298
2019-06-27,332
2019-06-28,285
2019-06-29,300
2019-06-30,321
2019-07-01,353
2019-07-02,407
2019-07-03,369
2019-07-04,261
2019-07-05,250
2019-07-06,268
2019-07-07,266
2019-07-08,328
2019-07-09,368
2019-07-10,313
2019-07-11,319
2019-07-12,349
2019-07-13,307
2019-07-14,348
2019-07-15,291
2019-07-16,242
2019-07-17,400
2019-07-18,407
2019-07-19,379
2019-07-20,242
2019-07-21,239
2019-07-22,354
2019-07-23,353
2019-07-24,261
2019-07-25,345
2019-07-26,302
2019-07-27,232
2019-07-28,206
2019-07-29,253
2019-07-30,266
2019-07-31,284
2019-08-01,282
2019-08-02,244
2019-08-03,221
2019-08-04,175
2019-08-05,250
2019-08-06,226
2019-08-07,190
2019-08-08,288
2019-08-09,218
2019-08-10,182
2019-08-11,152
2019-08-12,225
2019-08-13,243
2019-08-14,251
2019-08-15,194
2019-08-16,209
2019-08-17,176
2019-08-18,190
2019-08-19,243
2019-08-20,242
2019-08-21,259
2019-08-22,219
2019-08-23,250
2019-08-24,220
2019-08-25,195
2019-08-26,270
2019-08-27,254
2019-08-28,262
2019-08-29,210
2019-08-30,192
2019-08-31,149
2019-09-01,151
2019-09-02,155
2019-09-03,198
2019-09-04,186
2019-09-05,156
2019-09-06,190
2019-09-07,160
2019-09-08,132
2019-09-09,161
2019-09-10,216
2019-09-11,207
2019-09-12,179
2019-09-13,176
2019-09-14,137
2019-09-15,136
2019-09-16,191
2019-09-17,175
2019-09-18,151
2019-09-19,192
2019-09-20,194
2019-09-21,169
2019-09-22,166
2019-09-23,202
2019-09-24,193
2019-09-25,171
2019-09-26,181
2019-09-27,154
2019-09-28,125
2019-09-29,153
2019-09-30,232
2019-10-01,178
2019-10-02,153
2019-10-03,195
2019-10-04,158
2019-10-05,137
2019-10-06,116
2019-10-07,153
2019-10-08,203
2019-10-09,184
2019-10-10,195
2019-10-11,197
2019-10-12,151
2019-10-13,164
2019-10-14,185
2019-10-15,203
2019-10-16,167
2019-10-17,201
2019-10-18,156
2019-10-19,142
2019-10-20,151
2019-10-21,225
2019-10-22,205
2019-10-23,175
2019-10-24,176
2019-10-25,182
2019-10-26,150
2019-10-27,187
2019-10-28,181
2019-10-29,191
2019-10-30,206
2019-10-31,187
2019-11-01,225
2019-11-02,155
2019-11-03,198
2019-11-04,198
2019-11-05,161
2019-11-06,201
2019-11-07,205
2019-11-08,158
2019-11-09,144
2019-11-10,154
2019-11-11,173
2019-11-12,191
2019-11-13,167
2019-11-14,172
2019-11-15,197
2019-11-16,131
2019-11-17,129
2019-11-18,162
2019-11-19,205
2019-11-20,209
2019-11-21,167
2019-11-22,145
2019-11-23,110
2019-11-24,154
2019-11-25,159
2019-11-26,135
2019-11-27,164
2019-11-28,58
2019-11-29,75
2019-11-30,87
2019-12-01,91
2019-12-02,90
2019-12-03,133
2019-12-04,183
2019-12-05,200
2019-12-06,180
2019-12-07,159
2019-12-08,194
2019-12-09,238
2019-12-10,339
2019-12-11,289
2019-12-12,379
2019-12-13,356
2019-12-14,357
2019-12-15,322
2019-12-16,363
2019-12-17,343
2019-12-18,239
2019-12-19,220
2019-12-20,201
2019-12-21,216
2019-12-22,255
2019-12-23,246
2019-12-24,229
2019-12-25,158
2019-12-26,258
2019-12-27,271
2019-12-28,273
2019-12-29,234
2019-12-30,259
2019-12-31,276
2020-01-01,220
2020-01-02,247
2020-01-03,246
2020-01-04,249
2020-01-05,249
2020-01-06,231
2020-01-07,218
2020-01-08,217
2020-01-09,239
2020-01-10,222
2020-01-11,212
2020-01-12,268
2020-01-13,212
2020-01-14,199
2020-01-15,239
2020-01-16,197
2020-01-17,194
2020-01-18,184
2020-01-19,204
2020-01-20,193
2020-01-21,209
2020-01-22,127
2020-01-23,118
2020-01-24,110
2020-01-25,89
2020-01-26,165
2020-01-27,177
2020-01-28,232
2020-01-29,173
2020-01-30,156
2020-01-31,168
2020-02-01,199
2020-02-02,170
2020-02-03,149
2020-02-04,198
2020-02-05,187
2020-02-06,201
2020-02-07,149
2020-02-08,158
2020-02-09,158
2020-02-10,162
2020-02-11,199
2020-02-12,178
2020-02-13,167
2020-02-14,164
2020-02-15,135
2020-02-16,174
2020-02-17,167
2020-02-18,166
2020-02-19,183
2020-02-20,171
2020-02-21,158
2020-02-22,144
2020-02-23,185
2020-02-24,165
2020-02-25,169
2020-02-26,161
2020-02-27,164
2020-02-28,151
2020-02-29,138
2020-03-01,170
2020-03-02,152
2020-03-03,146
2020-03-04,160
2020-03-05,136
2020-03-06,140
2020-03-07,158
2020-03-08,149
2020-03-09,172
2020-03-10,147
2020-03-11,177
2020-03-12,146
2020-03-13,119
2020-03-14,107
2020-03-15,61
2020-03-16,54
2020-03-17,54
2020-03-18,68
2020-03-19,47
2020-03-20,92
2020-03-21,159
2020-03-22,131
2020-03-23,76
2020-03-24,45
2020-03-25,49
2020-03-26,44
2020-03-27,52
2020-03-28,42
2020-03-29,46
2020-03-30,42
2020-03-31,37
2020-04-01,44
2020-04-02,47
2020-04-03,44
2020-04-04,38
2020-04-05,44
2020-04-06,39
2020-04-07,42
2020-04-08,47
2020-04-09,47
2020-04-10,50
2020-04-11,42
2020-04-12,47
2020-04-13,72
2020-04-14,47
2020-04-15,47
2020-04-16,53
2020-04-17,64
2020-04-18,46
2020-04-19,56
2020-04-20,47
2020-04-21,50
2020-04-22,56
2020-04-23,52
2020-04-24,60
2020-04-25,49
2020-04-26,49
2020-04-27,45
2020-04-28,56
2020-04-29,56
2020-04-30,54
2020-05-01,45
2020-05-02,52
2020-05-03,51
2020-05-04,38
2020-05-05,64
2020-05-06,70
2020-05-07,54
2020-05-08,80
2020-05-09,60
2020-05-10,45
2020-05-11,62
2020-05-12,74
2020-05-13,78
2020-05-14,74
2020-05-15,64
2020-05-16,70
2020-05-17,62
2020-05-18,83
2020-05-19,91
2020-05-20,92
2020-05-21,76
2020-05-22,78
2020-05-23,60
2020-05-24,56
2020-05-25,54
2020-05-26,77
2020-05-27,80
2020-05-28,66
2020-05-29,87
2020-05-30,70
2020-05-31,67
2020-06-01,87
2020-06-02,72
2020-06-03,81
2020-06-04,68
2020-06-05,102
2020-06-06,84
2020-06-07,72
2020-06-08,91
2020-06-09,102
2020-06-10,70
2020-06-11,95
2020-06-12,99
2020-06-13,74
2020-06-14,59
2020-06-15,85
2020-06-16,98
2020-06-17,79
2020-06-18,90
2020-06-19,84
2020-06-20,88
2020-06-21,58
2020-06-22,89
2020-06-23,99
2020-06-24,86
2020-06-25,90
2020-06-26,79
2020-06-27,83
2020-06-28,90
2020-06-29,94
2020-06-30,108
2020-07-01,83
2020-07-02,94
2020-07-03,88
2020-07-04,72
2020-07-05,79
2020-07-06,114
2020-07-07,115
2020-07-08,123
2020-07-09,129
2020-07-10,128
2020-07-11,110
2020-07-12,86
2020-07-13,129
2020-07-14,122
2020-07-15,104
2020-07-16,91
2020-07-17,89
2020-07-18,97
2020-07-19,109
2020-07-20,152
2020-07-21,131
2020-07-22,130
2020-07-23,113
2020-07-24,135
2020-07-25,81
2020-07-26,106
2020-07-27,126
2020-07-28,139
2020-07-29,126
2020-07-30,112
2020-07-31,93
2020-08-01,90
2020-08-02,87
2020-08-03,117
2020-08-04,111
2020-08-05,101
2020-08-06,116
2020-08-07,99
2020-08-08,75
2020-08-09,95
2020-08-10,84
2020-08-11,116
2020-08-12,116
2020-08-13,104
2020-08-14,80
2020-08-15,75
2020-08-16,89
2020-08-17,94
2020-08-18,100
2020-08-19,101
2020-08-20,108
2020-08-21,84
2020-08-22,74
2020-08-23,89
2020-08-24,98
2020-08-25,106
2020-08-26,100
2020-08-27,96
2020-08-28,79
2020-08-29,70
2020-08-30,71
2020-08-31,90
2020-09-01,100
2020-09-02,82
2020-09-03,76
2020-09-04,90
2020-09-05,82
2020-09-06,59
2020-09-07,102
2020-09-08,107
2020-09-09,98
2020-09-10,56
2020-09-11,78
2020-09-12,82
2020-09-13,76
2020-09-14,110
2020-09-15,102
2020-09-16,103
2020-09-17,83
2020-09-18,84
2020-09-19,61
2020-09-20,65
2020-09-21,94
2020-09-22,64
2020-09-23,97
2020-09-24,93
2020-09-25,74
2020-09-26,68
2020-09-27,72
2020-09-28,69
2020-09-29,89
2020-09-30,101
2020-10-01,89
2020-10-02,87
2020-10-03,90
2020-10-04,71
2020-10-05,109
2020-10-06,95
2020-10-07,110
2020-10-08,111
2020-10-09,68
2020-10-10,76
2020-10-11,56
2020-10-12,89
2020-10-13,85
2020-10-14,78
2020-10-15,84
2020-10-16,119
2020-10-17,114
2020-10-18,99
2020-10-19,101
2020-10-20,109
2020-10-21,97
2020-10-22,130
2020-10-23,96
2020-10-24,94
2020-10-25,80
2020-10-26,115
2020-10-27,116
2020-10-28,99
2020-10-29,98
2020-10-30,97
2020-10-31,65
2020-11-01,91
2020-11-02,92
2020-11-03,76
2020-11-04,107
2020-11-05,91
2020-11-06,112
2020-11-07,71
2020-11-08,81
2020-11-09,89
2020-11-10,86
2020-11-11,98
2020-11-12,91
2020-11-13,57
2020-11-14,78
2020-11-15,69
2020-11-16,81
2020-11-17,79
2020-11-18,96
2020-11-19,70
2020-11-20,70
2020-11-21,63
2020-11-22,78
2020-11-23,79
2020-11-24,68
2020-11-25,68
2020-11-26,37
2020-11-27,37
2020-11-28,72
2020-11-29,67
2020-11-30,66
2020-12-01,89
2020-12-02,77
2020-12-03,93
2020-12-04,77
2020-12-05,64
2020-12-06,68
2020-12-07,84
2020-12-08,85
2020-12-09,70
2020-12-10,78
2020-12-11,64
2020-12-12,66
2020-12-13,50
2020-12-14,93
2020-12-15,87
2020-12-16,103
2020-12-17,91
2020-12-18,85
2020-12-19,60
2020-12-20,71
2020-12-21,62
2020-12-22,78
2020-12-23,68
2020-12-24,59
2020-12-25,59
2020-12-26,73
2020-12-27,85
2020-12-28,80
2020-12-29,87
2020-12-30,92
2020-12-31,69
2021-01-01,60
2021-01-02,59
2021-01-03,72
2021-01-04,70
2021-01-05,89
2021-01-06,82
2021-01-07,65
2021-01-08,63
2021-01-09,54
2021-01-10,58
2021-01-11,62
2021-01-12,68
2021-01-13,82
2021-01-14,74
2021-01-15,78
2021-01-16,59
2021-01-17,60
2021-01-18,66
2021-01-19,91
2021-01-20,67
2021-01-21,58
2021-01-22,61
2021-01-23,69
2021-01-24,65
2021-01-25,73
2021-01-26,83
2021-01-27,89
2021-01-28,65
2021-01-29,52
2021-01-30,48
2021-01-31,52
2021-02-01,63
2021-02-02,60
2021-02-03,68
2021-02-04,62
2021-02-05,63
2021-02-06,68
2021-02-07,52
2021-02-08,61
2021-02-09,74
2021-02-10,69
2021-02-11,63
2021-02-12,60
2021-02-13,47
2021-02-14,52
2021-02-15,75
2021-02-16,89
2021-02-17,83
2021-02-18,97
2021-02-19,78
2021-02-20,80
2021-02-21,66
2021-02-22,97
2021-02-23,78
2021-02-24,83
2021-02-25,85
2021-02-26,61
2021-02-27,77
2021-02-28,72
2021-03-01,108
2021-03-02,120
2021-03-03,91
2021-03-04,98
2021-03-05,81
2021-03-06,92
2021-03-07,61
2021-03-08,85
2021-03-09,94
2021-03-10,77
2021-03-11,80
2021-03-12,67
2021-03-13,83
2021-03-14,86
2021-03-15,101
2021-03-16,91
2021-03-17,95
2021-03-18,103
2021-03-19,87
2021-03-20,94
2021-03-21,99
2021-03-22,112
2021-03-23,117
2021-03-24,131
2021-03-25,83
2021-03-26,95
2021-03-27,115
2021-03-28,99
2021-03-29,120
2021-03-30,101
2021-03-31,102
2021-04-01,103
2021-04-02,109
2021-04-03,92
2021-04-04,66
2021-04-05,112
2021-04-06,99
2021-04-07,124
2021-04-08,131
2021-04-09,93
2021-04-10,91
2021-04-11,100
2021-04-12,115
2021-04-13,104
2021-04-14,113
2021-04-15,131
2021-04-16,88
2021-04-17,90
2021-04-18,90
2021-04-19,146
2021-04-20,130
2021-04-21,101
2021-04-22,129
2021-04-23,110
2021-04-24,116
2021-04-25,111
2021-04-26,119
2021-04-27,97
2021-04-28,126
2021-04-29,138
2021-04-30,108
2021-05-01,95
2021-05-02,107
2021-05-03,117
2021-05-04,121
2021-05-05,121
2021-05-06,119
2021-05-07,96
2021-05-08,104
2021-05-09,75
2021-05-10,115
2021-05-11,130
2021-05-12,114
2021-05-13,93
2021-05-14,99
2021-05-15,72
2021-05-16,82
2021-05-17,78
2021-05-18,111
2021-05-19,124
2021-05-20,99
2021-05-21,102
2021-05-22,95
2021-05-23,102
2021-05-24,114
2021-05-25,117
2021-05-26,116
2021-05-27,107
2021-05-28,107
2021-05-29,88
2021-05-30,83
2021-05-31,100
2021-06-01,115
2021-06-02,112
2021-06-03,115
2021-06-04,126
2021-06-05,99
2021-06-06,96
2021-06-07,133
2021-06-08,129
2021-06-09,124
2021-06-10,112
2021-06-11,130
2021-06-12,105
2021-06-13,121
2021-06-14,126
2021-06-15,119
2021-06-16,118
2021-06-17,119
2021-06-18,127
2021-06-19,101
2021-06-20,112
2021-06-21,105
2021-06-22,96
2021-06-23,115
2021-06-24,120
2021-06-25,119
2021-06-26,103
2021-06-27,100
2021-06-28,124
2021-06-29,156
2021-06-30,166
2021-07-01,159
2021-07-02,135
2021-07-03,119
2021-07-04,105
2021-07-05,130
2021-07-06,142
2021-07-07,132
2021-07-08,153
2021-07-09,125
2021-07-10,108
2021-07-11,115
2021-07-12,140
2021-07-13,152
2021-07-14,161
2021-07-15,125
2021-07-16,140
2021-07-17,115
2021-07-18,124
2021-07-19,157
2021-07-20,124
2021-07-21,134
2021-07-22,135
2021-07-23,127
2021-07-24,114
2021-07-25,150
2021-07-26,124
2021-07-27,130
2021-07-28,142
2021-07-29,156
2021-07-30,105
2021-07-31,122
2021-08-01,116
2021-08-02,136
2021-08-03,126
2021-08-04,109
2021-08-05,124
2021-08-06,118
2021-08-07,101
2021-08-08,107
2021-08-09,122
2021-08-10,119
2021-08-11,143
2021-08-12,112
2021-08-13,113
2021-08-14,105
2021-08-15,103
2021-08-16,122
2021-08-17,123
2021-08-18,125
2021-08-19,100
2021-08-20,99
2021-08-21,103
2021-08-22,113
2021-08-23,113
2021-08-24,130
2021-08-25,131
2021-08-26,102
2021-08-27,90
2021-08-28,100
2021-08-29,84
2021-08-30,90
2021-08-31,112
2021-09-01,94
2021-09-02,105
2021-09-03,85
2021-09-04,83
2021-09-05,76
2021-09-06,116
2021-09-07,85
2021-09-08,98
2021-09-09,83
2021-09-10,91
2021-09-11,80
2021-09-12,81
2021-09-13,105
2021-09-14,98
2021-09-15,109
2021-09-16,93
2021-09-17,88
2021-09-18,80
2021-09-19,76
2021-09-20,100
2021-09-21,75
2021-09-22,99
2021-09-23,114
2021-09-24,85
2021-09-25,67
2021-09-26,97
2021-09-27,97
2021-09-28,101
2021-09-29,92
2021-09-30,96
2021-10-01,79
2021-10-02,65
2021-10-03,76
2021-10-04,118
2021-10-05,81
2021-10-06,101
2021-10-07,86
2021-10-08,90
2021-10-09,77
2021-10-10,98
2021-10-11,70
2021-10-12,72
2021-10-13,103
2021-10-14,79
2021-10-15,75
2021-10-16,75
2021-10-17,72
2021-10-18,77
2021-10-19,79
2021-10-20,104
2021-10-21,87
2021-10-22,83
2021-10-23,100
2021-10-24,84
2021-10-25,115
2021-10-26,103
2021-10-27,101
2021-10-28,92
2021-10-29,71
2021-10-30,69
2021-10-31,85
2021-11-01,100
2021-11-02,101
2021-11-03,82
2021-11-04,96
2021-11-05,86
2021-11-06,97
2021-11-07,84
2021-11-08,83
2021-11-09,83
2021-11-10,87
2021-11-11,65
2021-11-12,55
2021-11-13,56
2021-11-14,67
2021-11-15,78
2021-11-16,84
2021-11-17,83
2021-11-18,90
2021-11-19,83
2021-11-20,76
2021-11-21,59
2021-11-22,80
2021-11-23,99
2021-11-24,71
2021-11-25,30
2021-11-26,32
2021-11-27,42
2021-11-28,45
2021-11-29,45
2021-11-30,60
2021-12-01,54
2021-12-02,59
2021-12-03,73
2021-12-04,68
2021-12-05,68
2021-12-06,104
2021-12-07,86
2021-12-08,84
2021-12-09,61
2021-12-10,55
2021-12-11,63
2021-12-12,67
2021-12-13,67
2021-12-14,68
2021-12-15,75
2021-12-16,61
2021-12-17,82
2021-12-18,60
2021-12-19,63
2021-12-20,68
2021-12-21,59
2021-12-22,71
2021-12-23,50
2021-12-24,40
2021-12-25,30
2021-12-26,64
2021-12-27,68
2021-12-28,61
2021-12-29,61
2021-12-30,82
2021-12-31,60
2022-01-01,51
2022-01-02,66
2022-01-03,73
2022-01-04,54
2022-01-05,53
2022-01-06,64
2022-01-07,64
2022-01-08,54
2022-01-09,63
2022-01-10,83
2022-01-11,65
2022-01-12,69
2022-01-13,62
2022-01-14,59
2022-01-15,65
2022-01-16,60
2022-01-17,82
2022-01-18,69
2022-01-19,59
2022-01-20,58
2022-01-21,55
2022-01-22,46
2022-01-23,39
2022-01-24,46
2022-01-25,47
2022-01-26,48
2022-01-27,54
2022-01-28,52
2022-01-29,58
2022-01-30,47
2022-01-31,40
2022-02-01,58
2022-02-02,59
2022-02-03,54
2022-02-04,65
2022-02-05,45
2022-02-06,45
2022-02-07,50
2022-02-08,60
2022-02-09,51
2022-02-10,30
2022-02-11,60
2022-02-12,41
2022-02-13,45
2022-02-14,44
2022-02-15,60
2022-02-16,48
2022-02-17,37
2022-02-18,49
2022-02-19,36
2022-02-20,49
2022-02-21,63
2022-02-22,48
2022-02-23,56
2022-02-24,61
2022-02-25,50
2022-02-26,34
2022-02-27,49
2022-02-28,49
2022-03-01,61
2022-03-02,64
2022-03-03,56
2022-03-04,63
2022-03-05,43
2022-03-06,49
2022-03-07,56
2022-03-08,64
2022-03-09,49
2022-03-10,60
2022-03-11,60
2022-03-12,53
2022-03-13,57
2022-03-14,53
2022-03-15,50
2022-03-16,60
2022-03-17,66
2022-03-18,54
2022-03-19,64
2022-03-20,60
2022-03-21,57
2022-03-22,52
2022-03-23,57
2022-03-24,61
2022-03-25,79
2022-03-26,59
2022-03-27,68
2022-03-28,81
2022-03-29,58
2022-03-30,55
2022-03-31,47
2022-04-01,59
2022-04-02,48
2022-04-03,56
2022-04-04,71
2022-04-05,55
2022-04-06,72
2022-04-07,79
2022-04-08,76
2022-04-09,78
2022-04-10,54
2022-04-11,85
2022-04-12,85
2022-04-13,70
2022-04-14,59
2022-04-15,82
2022-04-16,61
2022-04-17,39
2022-04-18,65
2022-04-19,90
2022-04-20,84
2022-04-21,74
2022-04-22,93
2022-04-23,51
2022-04-24,55
2022-04-25,55
2022-04-26,83
2022-04-27,104
2022-04-28,68
2022-04-29,79
2022-04-30,54
2022-05-01,68
2022-05-02,68
2022-05-03,75
2022-05-04,69
2022-05-05,38
2022-05-06,85
2022-05-07,52
2022-05-08,67
2022-05-09,60
2022-05-10,79
2022-05-11,95
2022-05-12,91
2022-05-13,76
2022-05-14,63
2022-05-15,73
2022-05-16,92
2022-05-17,91
2022-05-18,87
2022-05-19,79
2022-05-20,52
2022-05-21,68
2022-05-22,69
2022-05-23,71
2022-05-24,77
2022-05-25,70
2022-05-26,58
2022-05-27,77
2022-05-28,68
2022-05-29,63
2022-05-30,74
2022-05-31,76
2022-06-01,76
2022-06-02,64
2022-06-03,61
2022-06-04,55
2022-06-05,59
2022-06-06,70
2022-06-07,64
2022-06-08,63
2022-06-09,70
2022-06-10,64
2022-06-11,50
2022-06-12,81
2022-06-13,67
2022-06-14,72
2022-06-15,94
2022-06-16,64
2022-06-17,51
2022-06-18,64
2022-06-19,73
2022-06-20,66
2022-06-21,70
2022-06-22,79
2022-06-23,71
2022-06-24,84
2022-06-25,48
2022-06-26,67
2022-06-27,67
2022-06-28,81
2022-06-29,81
2022-06-30,59
2022-07-01,57
2022-07-02,74
2022-07-03,55
2022-07-04,49
2022-07-05,64
2022-07-06,91
2022-07-07,92
2022-07-08,65
2022-07-09,36
2022-07-10,56
2022-07-11,55
2022-07-12,47
2022-07-13,53
2022-07-14,43
2022-07-15,72
2022-07-16,67
2022-07-17,53
2022-07-18,103
2022-07-19,131
2022-07-20,76
2022-07-21,67
2022-07-22,66
2022-07-23,72
2022-07-24,83
2022-07-25,64
2022-07-26,96
2022-07-27,77
2022-07-28,75
2022-07-29,76
2022-07-30,62
2022-07-31,69
2022-08-01,64
2022-08-02,96
2022-08-03,55
2022-08-04,74
2022-08-05,68
2022-08-06,56
2022-08-07,69
2022-08-08,70
2022-08-09,59
2022-08-10,63
2022-08-11,80
2022-08-12,53
2022-08-13,59
2022-08-14,55
2022-08-15,70
2022-08-16,59
2022-08-17,73
2022-08-18,73
2022-08-19,72
2022-08-20,64
2022-08-21,77
2022-08-22,63
2022-08-23,65
2022-08-24,62
2022-08-25,61
2022-08-26,51
2022-08-27,42
2022-08-28,72
2022-08-29,61
2022-08-30,56
2022-08-31,56
2022-09-01,77
2022-09-02,58
2022-09-03,69
2022-09-04,64
2022-09-05,60
2022-09-06,71
2022-09-07,71
2022-09-08,53
2022-09-09,62
2022-09-10,53
2022-09-11,47
2022-09-12,55
2022-09-13,65
2022-09-14,62
2022-09-15,45
2022-09-16,32
2022-09-17,31
2022-09-18,30
2022-09-19,36
2022-09-20,38
2022-09-21,28
2022-09-22,36
2022-09-23,68
2022-09-24,59
2022-09-25,54
2022-09-26,66
2022-09-27,50
2022-09-28,54
2022-09-29,54
2022-09-30,56
2022-10-01,62
2022-10-02,62
2022-10-03,68
2022-10-04,79
2022-10-05,64
2022-10-06,43
2022-10-07,60
2022-10-08,59
2022-10-09,45
2022-10-10,75
2022-10-11,55
2022-10-12,45
2022-10-13,69
2022-10-14,69
2022-10-15,53
2022-10-16,48
2022-10-17,70
2022-10-18,70
2022-10-19,65
2022-10-20,67
2022-10-21,62
2022-10-22,52
2022-10-23,64
2022-10-24,48
2022-10-25,69
2022-10-26,55
2022-10-27,61
2022-10-28,59
2022-10-29,68
2022-10-30,54
2022-10-31,82
2022-11-01,72
2022-11-02,61
2022-11-03,61
2022-11-04,60
2022-11-05,59
2022-11-06,58
2022-11-07,73
2022-11-08,55
2022-11-09,60
2022-11-10,57
2022-11-11,51
2022-11-12,46
2022-11-13,52
2022-11-14,51
2022-11-15,40
2022-11-16,47
2022-11-17,46
2022-11-18,49
2022-11-19,38
2022-11-20,32
2022-11-21,47
2022-11-22,40
2022-11-23,35
2022-11-24,22
2022-11-25,27
2022-11-26,30
2022-11-27,39
2022-11-28,33
2022-11-29,43
2022-11-30,40
2022-12-01,53
2022-12-02,44
2022-12-03,40
2022-12-04,33
2022-12-05,41
2022-12-06,49
2022-12-07,40
2022-12-08,44
2022-12-09,42
2022-12-10,32
2022-12-11,37
2022-12-12,29
2022-12-13,31
2022-12-14,35
2022-12-15,29
2022-12-16,36
2022-12-17,27
2022-12-18,26
2022-12-19,36
2022-12-20,34
2022-12-21,32
2022-12-22,30
2022-12-23,31
2022-12-24,26
2022-12-25,21
2022-12-26,44
2022-12-27,40
2022-12-28,54
2022-12-29,42
2022-12-30,34
2022-12-31,24
2023-01-01,19
2023-01-02,31
2023-01-03,31
2023-01-04,26
2023-01-05,38
2023-01-06,34
2023-01-07,30
2023-01-08,31
2023-01-09,30
2023-01-10,39
2023-01-11,30
2023-01-12,41
2023-01-13,33
2023-01-14,35
2023-01-15,21
2023-01-16,29
2023-01-17,33
2023-01-18,22
2023-01-19,26
2023-01-20,25
2023-01-21,21
2023-01-22,26
2023-01-23,31
2023-01-24,19
2023-01-25,32
2023-01-26,21
2023-01-27,22
2023-01-28,19
2023-01-29,18
2023-01-30,16
2023-01-31,25
2023-02-01,16
2023-02-02,25
2023-02-03,22
2023-02-04,14
2023-02-05,11
2023-02-06,23
2023-02-07,19
2023-02-08,27
2023-02-09,23
2023-02-10,17
2023-02-11,13
2023-02-12,12
2023-02-13,26
2023-02-14,23
2023-02-15,23
2023-02-16,25
2023-02-17,24
2023-02-18,21
2023-02-19,24
2023-02-20,29
2023-02-21,20
2023-02-22,30
2023-02-23,29
2023-02-24,25
2023-02-25,19
2023-02-26,19
2023-02-27,34
2023-02-28,20
2023-03-01,25
2023-03-02,28
2023-03-03,26
2023-03-04,32
2023-03-05,22
2023-03-06,22
2023-03-07,26
2023-03-08,31
2023-03-09,34
2023-03-10,38
2023-03-11,21
2023-03-12,20
2023-03-13,31
2023-03-14,21
2023-03-15,23
2023-03-16,28
2023-03-17,20
2023-03-18,24
2023-03-19,27
2023-03-20,18
2023-03-21,30
2023-03-22,19
2023-03-23,23
2023-03-24,13
2023-03-25,21
2023-03-26,21
2023-03-27,16
2023-03-28,14
2023-03-29,22
2023-03-30,18
2023-03-31,12
2023-04-01,14
2023-04-02,13
2023-04-03,20
2023-04-04,12
2023-04-05,24
2023-04-06,14
2023-04-07,12
2023-04-08,11
2023-04-09,13
2023-04-10,22
2023-04-11,14
2023-04-12,4
2023-04-13,21
2023-04-14,10
2023-04-15,22
2023-04-16,7
2023-04-17,11
2023-04-18,8
2023-04-19,14
2023-04-20,6
2023-04-21,8
2023-04-22,13
2023-04-23,8
2023-04-24,11
2023-04-25,7
2023-04-26,10
2023-04-27,14
2023-04-28,5
2023-04-29,4
2023-04-30,6
2023-05-01,10
2023-05-02,9
2023-05-03,14
2023-05-04,10
2023-05-05,5
2023-05-06,5
2023-05-07,4
2023-05-08,8
2023-05-09,7
2023-05-10,5
2023-05-11,7
2023-05-12,5
2023-05-13,2
2023-05-14,5
2023-05-15,8
2023-05-16,6
2023-05-17,3
2023-05-18,5
2023-05-19,6
2023-05-20,4
2023-05-21,4
2023-05-22,5
2023-05-23,3
2023-05-24,5
2023-05-25,7
2023-05-26,8
2023-05-27,2
2023-05-28,6
2023-05-29,5
2023-05-30,7
2023-05-31,1
2023-06-01,3
2023-06-03,5
2023-06-05,1
2023-06-06,8
2023-06-07,3
2023-06-08,3
2023-06-09,4
2023-06-10,6
2023-06-11,4
2023-06-12,2
2023-06-13,4
2023-06-15,2
2023-06-16,2
2023-06-17,5
2023-06-19,3
2023-06-21,6
2023-06-22,6
2023-06-25,3
2023-06-26,5
2023-06-27,1
2023-06-28,1
2023-06-29,3
2023-06-30,3
2023-07-01,1
2023-07-02,5
2023-07-03,2
2023-07-04,1
2023-07-06,1
2023-07-07,2
2023-07-08,2
2023-07-09,1
2023-07-10,1
2023-07-11,4
2023-07-12,2
2023-07-13,3
2023-07-14,2
2023-07-15,2
2023-07-17,6
2023-07-18,2
2023-07-19,1
2023-07-20,4
2023-07-21,1
2023-07-23,3
2023-07-24,1
2023-07-25,2
2023-07-26,1
2023-07-27,2
2023-07-28,2
2023-08-03,4
2023-08-07,1
2023-08-08,3
2023-08-09,1
2023-08-10,5
2023-08-11,2
2023-08-12,1
2023-08-19,2
2023-08-20,2
2023-08-21,2
2023-08-22,1
2023-08-23,1
2023-08-24,5
2023-08-26,1
2023-08-30,1
2023-09-03,2
